CGMP;Nome;Longitude;Latitude
6001;Posto Shell Ramal;-46.7291030883789;-23.517406463623
6002;Posto Shell Orion;-46.7429046630859;-23.5540809631348
6005;Posto Shell Atlantica;-46.6590309143066;-23.5322437286377
6006;Posto Shell Agua Espraiada;-46.6751365661621;-23.6274013519287
6007;Posto Shell Abraao de Morais;-46.6286468505859;-23.6248607635498
6008;Posto Shell Rimacris;-46.8314971923828;-23.502462387085
6009;Posto Shell Hawai;-46.6991539001465;-23.5147075653076
6010;Posto Shell Napoleão Barros;-46.6445655822754;-23.6013031005859
6011;Posto Shell Ralpha;-46.8520812988281;-23.4986171722412
6013;Posto Shell Estacao Carandiru;-46.6238632202148;-23.5063953399658
6014;Posto Shell Caetano Alvares;-46.6595993041992;-23.4939880371094
6015;Posto Shell Bristol;-46.5721817016602;-23.5573635101318
6016;Posto Shell Catalao;-46.6816825866699;-23.5458526611328
6017;Posto Shell Portal Leste;-46.6067504882813;-23.5507431030273
6018;Posto Shell Faga e Bizarria;-46.7232475280762;-23.5880374908447
6019;Posto Shell Fabio Motta Marques;-46.5551643371582;-23.5206413269043
6020;Posto Shell Alpha Marte;-46.8752288818359;-23.4628772735596
6021;Posto Shell Monte Carlo;-46.6637573242188;-23.609920501709
6023;Posto Shell ABV;-46.6991500854492;-23.6429328918457
6024;Posto Shell Tasca;-46.7725486755371;-23.5360507965088
6025;Posto Shell Batalha;-46.7307014465332;-23.5810241699219
6026;Posto Shell Cote D'azur;-46.57177734375;-23.5500621795654
6027;Posto Shell Status do Panamby;-46.7370223999023;-23.6387004852295
6028;Posto Shell Sao Gualter;-46.7114067077637;-23.5433807373047
6029;Posto Shell Rio Grande;-46.643253326416;-23.5868091583252
6030;Posto Shell Gigante da Imigrantes;-46.6274261474609;-23.6147918701172
6032;Posto Shell M.A;-46.5213775634766;-23.558614730835
6033;Posto Shell Elmar;-46.6428451538086;-23.639196395874
6034;Posto Shell Prime;-46.6381034851074;-23.6327781677246
6035;Posto Shell Mascote;-46.6663208007813;-23.6422157287598
6036;Posto Shell Mash;-46.6089935302734;-23.6160182952881
6037;Posto Shell Gipires;-46.6672859191895;-23.5069351196289
6038;Posto Shell Benets;-46.7093734741211;-23.5784912109375
6040;Posto Shell Carlos Alberto Papacidero;-46.6718711853027;-23.5135536193848
6041;Posto Shell Marini;-46.6862487792969;-23.500638961792
6042;Posto Shell Jardim Sao Paulo;-46.6207656860352;-23.4869422912598
6043;Posto Shell Fukuya Kanemoto;-46.6851692199707;-23.5088939666748
6044;Posto Shell Galena;-46.6256828308105;-23.6030426025391
6045;Posto Shell Lutaif;-46.6113967895508;-23.4919681549072
6046;Posto Shell Bellagio;-46.673038482666;-23.4788932800293
6047;Posto Shell JJ;-46.6257209777832;-23.6047134399414
6048;Posto Shell Summer;-46.6913261413574;-23.6548633575439
6049;Posto Shell Francisco Morato;-46.7133750915527;-23.5827598571777
6050;Posto Shell BAP;-46.6597862243652;-23.6642379760742
6051;Posto Shell Independencia do cambuci;-46.6131935119629;-23.567626953125
6052;Posto Shell Ponto Solar;-46.6631736755371;-23.6466579437256
6053;Posto Shell Via Sul;-46.7422752380371;-23.615255355835
6054;Posto Shell Vera Cruz;-46.5227088928223;-23.531852722168
6056;Posto Shell Center Car;-46.7433967590332;-23.5537967681885
6057;Posto Shell Moinho Velho;-46.7459335327148;-23.5961627960205
6058;Posto Shell Bordo;-46.7320442199707;-23.5873508453369
6062;Posto Shell Asturias;-46.7205200195313;-23.6375293731689
6063;Posto Shell Macedo;-46.5136451721191;-23.4650726318359
6068;Posto Shell Kll;-46.4694976806641;-23.6839866638184
6070;Posto Shell Paraki;-46.6719665527344;-23.6218662261963
6071;Posto Shell Oitenta;-46.4588737487793;-23.6716213226318
6072;Posto Shell Tonicar;-46.6277465820313;-23.5918483734131
6073;Posto Shell Agua Funda 2;-46.6179084777832;-23.58518409729
6074;Posto Shell Kobayachi;-47.0349502563477;-23.6076793670654
6075;Posto Shell 45;-47.0223960876465;-23.6052093505859
6076;Posto Shell Nova Itapevi;-46.9398345947266;-23.5362434387207
6077;Posto Shell Nellu;-46.4653434753418;-23.6769142150879
6078;Posto Shell Star Red;-46.5755844116211;-23.7074661254883
6079;Posto Shell Agua funda 1;-46.6276817321777;-23.6077976226807
6080;Posto Shell Turismo;-46.6334075927734;-23.6838893890381
6082;Posto Shell Sao Joaquim;-46.5600967407227;-23.4559230804443
6083;Posto Shell Via 10;-46.6501388549805;-23.6689491271973
6084;Posto Shell 555;-46.569450378418;-23.4503555297852
6085;Posto Shell Alcantara;-46.7148284912109;-23.6966590881348
6086;Posto Shell Cinadis;-46.5525054931641;-23.7316913604736
6087;Posto Shell Tapera Grande;-46.4745941162109;-23.4514389038086
6088;Posto Shell Estonia 5;-46.5554084777832;-23.7472553253174
6091;Posto Shell Sergio Motta Marques;-46.4452171325684;-23.5583209991455
6092;Posto Shell Vielfe Martins;-46.4615097045898;-23.6250038146973
6093;Posto Shell Fernão dias;-46.5689010620117;-23.4688911437988
6094;Posto Shell Arco Verde;-46.4157791137695;-23.5643901824951
6095;Posto Shell Jaguare;-46.7271041870117;-23.5296573638916
6097;Posto Shell Saint Germain;-46.7867126464844;-23.5304069519043
6099;Posto Shell Jardim 10;-46.7300415039063;-23.6454639434814
6100;Posto Shell Ouro de barueri;-46.8803596496582;-23.4933052062988
6101;Posto Shell Estonia 2;-46.5112571716309;-23.651876449585
6102;Posto Shell Marina;-46.5507202148438;-23.6421012878418
6103;Posto Shell Tao Set;-46.5478363037109;-23.6499366760254
6104;Posto Shell Estonia;-46.5031547546387;-23.634147644043
6106;Posto Shell Caracas Oil;-46.8365173339844;-23.5552234649658
6107;Posto Shell ABD;-46.596019744873;-23.679594039917
6108;Posto Shell Hiperpetro;-46.5572395324707;-23.6267108917236
6109;Posto Shell Avenida dos estados;-46.5341606140137;-23.6381893157959
6110;Posto Shell Estonia 4;-46.5425605773926;-23.6376934051514
6111;Posto Shell Humaita;-46.5093231201172;-23.6643257141113
6112;Posto Shell Phenix;-46.6020278930664;-23.5852165222168
6113;Posto Shell Martinelli;-46.7088279724121;-23.5248012542725
6115;Posto Shell 2002;-46.7369117736816;-23.6261863708496
6116;Posto Shell Santa terezinha;-46.8546981811523;-23.5189304351807
6117;Posto Shell CPC;-46.8527717590332;-23.5181198120117
6118;Posto Shell Muraki;-46.3673706054688;-23.6827697753906
6119;Posto Shell Mairipora;-46.5739898681641;-23.2923240661621
6120;Posto Shell Vila rica;-46.6054267883301;-23.5089015960693
6121;Posto Shell Novo Milenio;-46.4461135864258;-23.5592460632324
6123;Posto Shell Estação Anchieta;-46.5677947998047;-23.6897258758545
6124;Posto Shell La Caniza;-46.2869567871094;-23.99001121521
6127;Posto Shell Osasco Country;-46.7924194335938;-23.5529651641846
6128;Posto Shell Rally;-46.5521697998047;-23.582010269165
6129;Posto Shell Roan;-46.667293548584;-23.6087646484375
6130;Posto Shell Recanto da seringueira;-46.8118743896484;-23.5246772766113
6131;Posto Shell Nautica Frei Gaspar;-46.4079093933105;-23.9543266296387
6132;Posto Shell Vanessa Santos Silva;-46.4899673461914;-23.6648120880127
6133;Posto Shell Argetax Anchieta;-46.60107421875;-23.6138229370117
6134;Posto Shell Panamby;-46.726806640625;-23.6496620178223
6135;Posto Shell Tratto;-46.6037254333496;-23.7184028625488
6136;Posto Shell Novo Barao 2;-46.4341735839844;-23.665189743042
6137;Posto Shell Toninho trinta;-46.7021789550781;-23.7055149078369
6138;Posto Shell Estonia 3;-46.5506324768066;-23.705680847168
6139;Posto Shell Joia de Guarulhos;-46.5267791748047;-23.463399887085
6140;Posto Shell O Chefao;-46.5510063171387;-23.4516143798828
6142;Posto Shell Morumbi Star;-46.7342491149902;-23.6115055084229
6143;Posto Shell Veiga Filho;-46.6613693237305;-23.5389995574951
6145;Posto Shell Novo Barao;-46.6455612182617;-23.5320568084717
6146;Posto Shell Brilhante;-46.6332969665527;-23.5715465545654
6150;Posto Shell Moraes Sales;-47.0513496398926;-22.9052658081055
6151;Posto Shell Center Paraiso;-46.6456108093262;-23.572322845459
6154;Posto Shell Carlos E L Braga;-46.7120323181152;-23.6732120513916
6155;Posto Shell Antonio Paes;-46.6978569030762;-23.7308025360107
6156;Posto Shell Luppi;-46.7269401550293;-23.5876979827881
6159;Posto Shell Ermano Marchetti;-46.6966514587402;-23.5153846740723
6160;Posto Shell Isola;-46.7125587463379;-23.6739807128906
6161;Posto Shell Arco Verde Cotia;-46.9321899414063;-23.6122741699219
6163;Posto Shell Express Valinhos;-47.0007438659668;-22.9791603088379
6167;Posto Shell Sao Conrado;-46.7268295288086;-23.4795589447021
6168;Posto Shell Vida Nova;-46.6402587890625;-23.6510467529297
6169;Posto Shell Lorena;-46.6629257202148;-23.566385269165
6170;Posto Shell Pole Position;-47.0508003234863;-22.9227542877197
6171;Posto Shell Washington Luiz;-47.0564804077148;-22.9254264831543
6172;Posto Shell Farol;-46.394889831543;-23.4230098724365
6173;Posto Shell Futuro;-47.0793342590332;-22.835470199585
6174;Posto Shell Vo Joao;-47.0812721252441;-22.8186302185059
6175;Posto Shell Presidente Juscelino;-47.1019897460938;-22.9302883148193
6180;Posto Shell Companheiro;-47.2307510375977;-22.8908367156982
6181;Posto Shell Portal Mogi;-46.1856880187988;-23.5345230102539
6183;Posto Shell Cidade Jardim Americana;-47.3396911621094;-22.7611904144287
6184;Posto Shell Fenix Nova Odessa;-47.2964286804199;-22.7902965545654
6185;Posto Shell Duque Berrini;-46.6938667297363;-23.6075458526611
6186;Posto Shell Rebouças;-47.2779312133789;-22.8144798278809
6187;Posto Shell Mara Miru;-46.6652526855469;-23.6118125915527
6189;Posto Shell Zonta;-46.6780700683594;-23.665283203125
6190;Posto Shell Lavapes;-46.6294708251953;-23.559907913208
6191;Posto Shell Montana;-46.6347198486328;-23.5867481231689
6193;Posto Shell Jardim colonial;-47.2310562133789;-23.1091136932373
6195;Posto Shell Saci;-47.0341873168945;-22.9968757629395
6196;Posto Shell SPW;-46.906623840332;-23.6028671264648
6198;Posto Shell Maranelo 2;-46.6369285583496;-23.5030746459961
6199;Posto Shell Jardim do Trevo;-47.0699195861816;-22.9291725158691
6200;Posto Shell Luiz Venditti;-47.053108215332;-22.9200096130371
6201;Posto Shell Tejo;-46.5896911621094;-23.5649356842041
6203;Posto Shell Casa Grande;-46.6585960388184;-23.614330291748
6204;Posto Shell Mingo;-46.709644317627;-23.5542221069336
6208;Posto Shell Joruhi;-46.6697196960449;-23.5954360961914
6209;Posto Shell Andorinhas;-47.0449333190918;-22.8872718811035
6210;Posto Shell Progresso Mogi;-46.9529800415039;-22.4327239990234
6211;Posto Shell Barbieri de Barao Geraldo;-47.0788269042969;-22.8299865722656
6213;Posto Shell Luiz Fantinato Filho;-47.0034141540527;-22.9629383087158
6214;Posto Shell 3M;-46.3183479309082;-23.4009323120117
6215;Posto Shell Vila Pagano;-47.0053901672363;-22.9920501708984
6216;Posto Shell Av Nossa Sra de Fatima;-47.0434875488281;-22.8772411346436
6217;Posto Shell Savemo;-46.6856384277344;-23.6110725402832
6218;Posto Shell Gaivota;-46.6707611083984;-23.6072940826416
6219;Posto Shell Diesel Mac;-46.5650291442871;-23.4896507263184
6220;Posto Shell Aiwa;-46.5765953063965;-23.5015335083008
6222;Posto Shell Mestre;-46.5686874389648;-23.4580211639404
6223;Posto Shell Novo Ouro Negro;-46.4665565490723;-23.6655769348145
6224;Posto Shell Grand Prix;-46.6987152099609;-23.6930599212646
6226;Posto Shell G5;-46.455451965332;-23.4171695709229
6227;Posto Shell Campineira;-47.0797119140625;-22.8253402709961
6230;Posto Shell Amigao;-47.3576316833496;-22.73583984375
6233;Posto Shell Força Maxima;-46.5366835;-23.5965702
6234;Posto Shell Tropical Gas;-46.6215171813965;-23.5524921417236
6235;Posto Shell Guarnel;-46.7047386169434;-23.5277671813965
6237;Posto Shell City Cantareira;-46.6161003112793;-23.4580402374268
6238;Posto Shell Formula Shell;-46.6778793334961;-23.667652130127
6239;Posto Shell Jordanopolis;-46.5727806091309;-23.6835632324219
6240;Posto Shell Lubricar;-46.5397109985352;-23.6724262237549
6241;Posto Shell Sol;-46.5340309143066;-23.6523780822754
6242;Posto Shell Portal do Paraiso;-46.7273979187012;-23.610523223877
6244;Posto Shell EG;-46.742561340332;-23.6439895629883
6245;Posto Shell Campo limpo;-46.7647285461426;-23.6248760223389
6246;Posto Shell Veneza;-46.7451286315918;-23.5571708679199
6249;Posto Shell Albano;-46.5824966430664;-23.5685997009277
6250;Posto Shell Riolis;-46.6480407714844;-23.6699542999268
6252;Posto Shell Nova Campinas;-47.0462188720703;-22.9024677276611
6253;Posto Shell BE;-46.690990447998;-23.6208000183105
6254;Posto Shell Padocka;-46.535587310791;-23.6270618438721
6255;Posto Shell Vila Galvao;-46.5664672851563;-23.4548721313477
6256;Posto Shell CRS;-46.8834953308105;-23.4886283874512
6257;Posto Shell Santo Eduardo;-46.8034286499023;-23.6726322174072
6261;Posto Shell Carlu;-46.7173805236816;-23.6569805145264
6262;Posto Shell Moni;-46.5833511352539;-23.4642601013184
6264;Posto Shell Arinella Brooklin;-46.6869316101074;-23.6297931671143
6266;Posto Shell Cardeal;-46.6738090515137;-23.5529613494873
6268;Posto Shell Gondola;-46.6585502624512;-23.6350193023682
6269;Posto Shell Mister Plus;-46.6753387451172;-23.6052417755127
6270;Posto Shell Rocar;-46.6869316101074;-23.5773849487305
6272;Posto Shell Duque e Cia;-46.6580848693848;-23.5465564727783
6273;Posto Shell Helio Valdivia;-47.0583152770996;-22.9003200531006
6274;Posto Shell Silvia Maria Pinto Santos Abastece;-46.6181907653809;-23.5856876373291
6277;Posto Shell Madia;-47.0025672912598;-22.9679279327393
6280;Posto Shell Castelinho;-47.0737571716309;-22.8959350585938
6281;Posto Shell Bate Bola;-46.8917007446289;-23.1869983673096
6282;Posto Shell Parque da Uva;-46.8978500366211;-23.1905879974365
6283;Posto Shell Progresso;-46.864315032959;-23.2119064331055
6284;Posto Shell Keeper;-46.8477630615234;-23.2091121673584
6285;Posto Shell Cidade Do Vinho;-46.8849449157715;-23.2070026397705
6286;Posto Shell Soledade Gaucha;-47.466121673584;-23.4964237213135
6288;Posto Shell Pimenta;-47.2254447937012;-23.1230888366699
6289;Posto Shell Turismo 2;-46.6004981994629;-23.6802082061768
6290;Posto Shell Argetax Guarulhos;-46.5511817932129;-23.4856719970703
6291;Posto Shell Andrea Santini Rego;-47.0610198974609;-22.8933715820313
6292;Posto Shell Portal de Americana;-47.2959747314453;-22.7291870117188
6293;Posto Shell Caxambu;-46.846248626709;-23.1494789123535
6294;Posto Shell Telles;-46.8851737976074;-23.1734237670898
6295;Posto Shell Jardim Santa Monica;-47.1106567382813;-22.8553581237793
6296;Posto Shell Dom Pedro I;-46.9716911315918;-22.9091968536377
6297;Posto Shell Grande São Paulo;-46.64404296875;-23.5697975158691
6298;Posto Shell Bap Barão;-46.433521270752;-23.665096282959
6299;Posto Shell Dar A;-46.6787223815918;-23.338020324707
6300;Posto Shell Abdelnor;-47.2273788452148;-23.1191101074219
6302;Posto Shell Parque Villa Lobos;-46.7176704406738;-23.5456256866455
6303;Posto Shell Santa Cruz de Mogi Mirim;-46.975341796875;-22.4363899230957
6304;Posto Shell Cristal;-46.73193359375;-23.5922451019287
6305;Posto Shell SS;-46.678596496582;-23.5607872009277
6307;Posto Shell Agua Branca;-47.6391410827637;-22.7459392547607
6308;Posto Shell TM;-47.6333160400391;-22.7242736816406
6309;Posto Shell GT;-47.6341896057129;-22.7328605651855
6310;Posto Shell Algodoal;-47.6600379943848;-22.6971378326416
6311;Posto Shell Dona Francisca;-47.6555023193359;-22.710823059082
6312;Posto Shell Radial Norte Sul de Piracicaba;-47.6731910705566;-22.6896629333496
6313;Posto Shell Bongue;-47.6748580932617;-22.6999530792236
6314;Posto Shell Maravilha;-47.8068084716797;-21.1728744506836
6315;Posto Shell Presidente Ribeirao;-47.8097152709961;-21.2034740447998
6316;Posto Shell Sociedade RD;-47.7892227172852;-21.1661357879639
6318;Posto Shell Espaço Botanico;-47.796085357666;-21.2125091552734
6319;Posto Shell Josimar D Lourenco;-47.7981224060059;-21.1882438659668
6320;Posto Shell Alcides Costa;-47.8080787658691;-21.1986885070801
6321;Posto Shell Carro Nobre;-47.793529510498;-21.2038192749023
6322;Posto Shell Monaco;-47.7568893432617;-21.1889896392822
6323;Posto Shell Vitrine;-46.8964157104492;-23.1905040740967
6324;Posto Shell Bela Vista;-46.7195243835449;-23.6448154449463
6325;Posto Shell Sao Martinho;-46.6728324890137;-23.5341987609863
6326;Posto Shell Jurua;-46.6679191589355;-23.5375461578369
6327;Posto Shell Piracena;-47.6305160522461;-22.738826751709
6329;Posto Shell Avenida Campinas;-47.3872108459473;-22.5817794799805
6330;Posto Shell Aeroporto Limeira;-47.4087905883789;-22.5839729309082
6331;Posto Shell Marun;-47.6455078125;-22.7594928741455
6332;Posto Shell Ipe;-45.9012641906738;-23.2317504882813
6334;Posto Shell Quality Casablanca;-46.3197059631348;-23.5518932342529
6335;Posto Shell Quality Supra;-46.3326606750488;-23.5590591430664
6336;Posto Shell M Super;-46.2526741027832;-23.5449085235596
6338;Posto Shell Portal Presidente;-47.8065528869629;-21.1893215179443
6342;Posto Shell Alpha De Votorantim;-47.4650955200195;-23.5525455474854
6343;Posto Shell Universo 2000;-47.6354560852051;-22.7109966278076
6344;Posto Shell Andorinha de Rio Claro;-47.5601654052734;-22.4128398895264
6345;Posto Shell Cedro;-47.4747772216797;-23.4874229431152
6346;Posto Shell Abraao Ribeiro;-46.6599311828613;-23.522777557373
6347;Posto Shell Caragua;-45.4174346923828;-23.6244583129883
6348;Posto Shell Pedro Lessa;-46.3123588562012;-23.9689502716064
6349;Posto Shell Pontal da Cruz;-45.3992195129395;-23.7798595428467
6350;Posto Shell Aeroporto de Ubatuba;-45.0704383850098;-23.443473815918
6351;Posto Shell Jupia;-46.7829704284668;-23.6652603149414
6352;Posto Shell Martineli City;-47.8197975158691;-21.2166976928711
6353;Posto Shell Tiger;-47.647533416748;-22.702844619751
6354;Posto Shell Azulao;-46.7101631164551;-23.5735836029053
6355;Posto Shell Quinta Avenida;-46.6548271179199;-23.5546283721924
6356;Posto Shell Agronomia;-47.6326675415039;-22.7151947021484
6357;Posto Shell Rede Senna;-46.40539;-23.43251
6358;Posto Shell Lince Taubate;-45.5460968017578;-23.0034656524658
6359;Posto Shell Avenida Brasil;-47.3482666015625;-22.7525367736816
6360;Posto Shell Itarare Sao Vicente;-46.3973197937012;-23.9616088867188
6361;Posto Shell Retiro;-46.9130935668945;-23.1786231994629
6362;Posto Shell Garcia de Campinas;-47.1125144958496;-22.8885478973389
6363;Posto Shell Fantinato;-47.1491241455078;-22.766773223877
6364;Posto Shell Alpes;-45.5567436218262;-23.0322513580322
6365;Posto Shell Varsovia;-45.8823585510254;-23.2433185577393
6366;Posto Shell Restaurante 3 Vias;-47.1512985229492;-22.8558254241943
6367;Posto Shell Maricar;-46.6556015014648;-23.4816875457764
6373;Posto Shell Sabella e Sabella;-46.548900604248;-22.9153785705566
6374;Posto Shell Virgilio Fernando;-46.5908584594727;-23.5127143859863
6377;Posto Shell Guigui;-46.5367851257324;-23.6539268493652
6378;Posto Shell Dias;-46.5267448425293;-23.6718807220459
6379;Posto Shell Sabella;-46.5357208251953;-22.9417514801025
6383;Posto Shell Bandeirante;-45.8857383728027;-23.200475692749
6384;Posto Shell Sete Estrelas;-46.7468452453613;-23.5069351196289
6385;Posto Shell Bruno Alves Portero;-46.5613708496094;-23.5436305999756
6387;Posto Shell Panamericano;-46.7357902526855;-23.4447898864746
6389;Posto Shell Nelson Scorsolini;-47.7727127075195;-21.211181640625
6390;Posto Shell Fera de Itapevi;-46.9360961914063;-23.5532131195068
6391;Posto Shell Jundiai Mirim;-46.8735656738281;-23.1527824401855
6392;Posto Shell Ceiba Speciosa;-47.285587310791;-23.2628803253174
6393;Posto Shell Castelinho de Sorocaba;-47.3594131469727;-23.4261665344238
6395;Posto Shell Scofano e Scofano;-45.5999870300293;-22.7442855834961
6396;Posto Shell Universitario Sao Carlos;-47.8983001708984;-22.008752822876
6397;Posto Shell Mixam;-51.3978500366211;-22.1396102905273
6398;Posto Shell Mediani Pires;-49.3665084838867;-20.8251342773438
6399;Posto Shell Bela Cintra;-46.6583137512207;-23.5534362792969
6400;Posto Shell Rio Claro Center Shopping;-47.5562324523926;-22.4112205505371
6401;Posto Shell Itaipu Bassit;-49.4026565551758;-20.8238735198975
6402;Posto Shell Primavera Murchid;-49.3658294677734;-20.8273334503174
6403;Posto Shell Quinta do Golfe;-49.404956817627;-20.831563949585
6404;Posto Shell Atarumin;-49.3936424255371;-20.7923984527588
6405;Posto Shell Guaruja Andalo;-49.3850555419922;-20.8229732513428
6406;Posto Shell Axr;-49.3925590515137;-20.8228416442871
6407;Posto Shell Petro Bady;-49.3955612182617;-20.8177738189697
6408;Posto Shell Avenida de Itatiba;-46.8481254577637;-22.9981727600098
6410;Posto Shell Carrossel;-46.5316505432129;-23.4745712280273
6411;Posto Shell Santos Dummont de Franca;-47.4222793579102;-20.5426807403564
6412;Posto Shell Duque City;-46.7061767578125;-23.5489521026611
6413;Posto Shell Hiperion;-46.677417755127;-23.6105155944824
6415;Posto Shell Aguia de Haia;-46.4766006469727;-23.5377807617188
6417;Posto Shell Acc Radial;-46.5607452392578;-23.5375595092773
6418;Posto Shell Chacaras do Coelho;-47.1672439575195;-22.888500213623
6419;Posto Shell Petrodutra;-46.3821182250977;-23.4186706542969
6420;Posto Shell Vitoria;-46.5677185058594;-23.6543788909912
6421;Posto Shell Sao Bernardo;-46.5490036010742;-23.7172203063965
6424;Posto Shell Sigma;-46.999828338623;-22.9801940917969
6425;Posto Shell Perola de Ubatuba;-45.0727272033691;-23.4354629516602
6426;Posto Shell Cassiano Ricardo;-45.911548614502;-23.2231540679932
6428;Posto Shell AJ e AR;-45.4009246826172;-23.6189403533936
6432;Posto Shell Golfe Clube;-43.2552757263184;-22.9929752349854
6433;Posto Shell Lord Barra Sul;-43.4313332;-23.005664
6434;Posto Shell Modelo JMLBG;-43.1931457519531;-22.9511528015137
6435;Posto Shell Catedral;-43.1808853149414;-22.9133396148682
6436;Posto Shell Excede;-43.2034568786621;-22.9669380187988
6437;Posto Shell Importação;-43.223274230957;-22.9854888916016
6438;Posto Shell Hawai Rio;-43.2097702026367;-22.80517578125
6440;Posto Shell Tirol;-43.3330955505371;-22.9369144439697
6442;Posto Shell Grande Amor;-43.4302024841309;-22.6249866485596
6443;Posto Shell Karapito da Beira;-43.5541725158691;-22.8748226165771
6444;Posto Shell Barra Monteiro;-43.565357208252;-22.9238033294678
6445;Posto Shell Portela Dois;-43.671947479248;-22.8927917480469
6446;Posto Shell Amor da Leopoldina;-43.2702178955078;-22.8307247161865
6447;Posto Shell Rocar Rio;-43.3262634277344;-23.0020751953125
6448;Posto Shell Jardim Oceanico;-43.3051567077637;-23.0122833251953
6449;Posto Shell Jardim Oceanico da Barra;-43.3089485168457;-23.0065879821777
6450;Posto Shell Rezende Recreio II;-43.4828147888184;-23.0181465148926
6453;Posto Shell Duck;-43.2962265014648;-22.7948932647705
6454;Posto Shell Viaduto de Morato Eireli;-46.745002746582;-23.2757873535156
6455;Posto Shell Borssato Serrazul;-47.0101890563965;-23.1047992706299
6456;Posto Shell Siqueira e Carbonari;-47.0448684692383;-23.1562004089355
6458;Posto Shell Maramar;-43.5007171630859;-23.0206298828125
6459;Posto Shell Duque Conde Alphaville;-46.8632431030273;-23.484504699707
6461;Posto Shell Brasil Santa Cruz;-43.6580276489258;-22.8885860443115
6462;Posto Shell Estrela;-46.8862380981445;-23.1748504638672
6463;Posto Shell Amigao de Itaborai;-42.8120498657227;-22.7472591400146
6465;Posto Shell Araujo Leite;-49.0669555664063;-22.3283977508545
6466;Posto Shell Nações Bauru;-49.0637054443359;-22.325647354126
6468;Posto Shell Aeroporto Bauru;-49.0520133972168;-22.3437061309814
6469;Posto Shell RodoPosto Maristela;-48.4468612670898;-23.1385593414307
6470;Posto Shell Duque 21 de Moura;-49.0558662414551;-22.3259410858154
6471;Posto Shell Limoeiro;-49.5340995788574;-22.8074131011963
6472;Posto Shell Carbonari;-48.4419021606445;-22.8623027801514
6473;Posto Shell Chalcataya;-43.4737930297852;-23.0165157318115
6474;Posto Shell JPX;-43.3752517700195;-23.0006504058838
6475;Posto Shell 2001;-42.8556632995605;-22.7459888458252
6476;Posto Shell Quinze;-43.4203491210938;-22.80153465271
6477;Posto Shell Arrastao;-43.0044593811035;-22.8710193634033
6478;Posto Shell Gazpark Participaçoes;-43.0285758972168;-22.8598480224609
6479;Posto Shell Meriti;-43.3664588928223;-22.7934303283691
6480;Posto Shell Suina Derivados de Petroleo;-44.0920944213867;-22.4929008483887
6481;Posto Shell Brasil 2000;-43.5168190002441;-22.8603687286377
6484;Posto Shell Argetax Vila Guilherme;-46.6002731323242;-23.5087356567383
6486;Posto Shell Portal de Santana;-46.489185333252;-23.4239234924316
6487;Posto Shell Tasquinha;-46.5430870056152;-22.9667434692383
6489;Posto Shell Flor da Luz;-46.629753112793;-23.533224105835
6490;Posto Shell Progresso Eloy Chaves;-46.9600944519043;-23.1872062683105
6491;Posto Shell Nova Suiça;-47.209602355957;-23.0767574310303
6492;Posto Shell Pavao Castelinho;-47.3460502624512;-23.4162292480469
6494;Posto Shell Gasparzinho;-46.475040435791;-23.5236587524414
6496;Posto Shell Higienopolis Santo Andre;-46.5397529602051;-23.6720561981201
6498;Posto Shell Pistao;-43.3609771728516;-22.9272785186768
6499;Posto Shell Mato Alto;-43.3602752685547;-22.9117012023926
6501;Posto Shell Kalota;-46.5603637695313;-23.529125213623
6502;Posto Shell Europa Empreendimentos;-46.543586730957;-22.9682731628418
6503;Posto Shell Arigato;-46.4838600158691;-23.6246948242188
6504;Posto Shell Delta Mar;-46.481819152832;-24.0266418457031
6505;Posto Shell IATE;-43.1774444580078;-22.9499568939209
6506;Posto Shell Casa Nova;-46.5505561828613;-23.5912017822266
6507;Posto Shell Senhor Barcelona;-49.2314758300781;-25.5141277313232
6508;Posto Shell Malure;-46.5779724121094;-23.5845146179199
6509;Posto Shell Rodovia de Bauru;-49.0714454650879;-22.3120803833008
6510;Posto Shell Manhattam;-50.4377708435059;-21.2285060882568
6511;Posto Shell Reyssol;-48.1795539855957;-21.7790546417236
6512;Posto Shell Trapezio;-46.5426292419434;-23.6027317047119
6514;Posto Shell Quatro Trevo;-45.8832321166992;-23.2049407958984
6516;Posto Shell Campos do Jordao;-45.5866813659668;-22.7345314025879
6521;Posto Shell Duque Moema;-46.6674461364746;-23.6001758575439
6522;Posto Shell Trento;-46.7908515930176;-23.563045501709
6523;Posto Shell Colossal;-49.304615020752;-25.4450435638428
6525;Posto Shell Lipe;-43.2929191589355;-22.8819103240967
6527;Posto Shell Margodete;-46.570613861084;-23.5427589416504
6529;Posto Shell Nova Curitiba;-49.2972847;-25.5125299
6531;Posto Shell Galo Branco;-47.4099922180176;-20.552267074585
6532;Posto Shell Antares;-49.3347015380859;-25.4772758483887
6533;Posto Shell Copa Ouro;-49.332462310791;-25.5117816925049
6534;Posto Shell Alameda Sacoma;-46.6016235351563;-23.6191291809082
6536;Posto Shell Aladin Servicos;-49.348274230957;-25.4189128875732
6537;Posto Shell Lord Rodrigo;-43.3039207458496;-22.7924098968506
6538;Posto Shell Verde Curitiba;-49.2557678222656;-25.4069023132324
6539;Posto Shell Pedrazzoli;-49.263744354248;-25.4684600830078
6540;Posto Shell Marcos Venicio Scripes;-49.251064;-25.4386014
6541;Posto Shell Picheth;-49.2740936279297;-25.5120887756348
6542;Posto Shell Ducati;-49.2564544677734;-25.3914470672607
6543;Posto Shell Gisela;-49.2497177124023;-25.4994068145752
6544;Posto Shell Premiere;-49.3273391723633;-25.4355926513672
6546;Posto Shell Perola;-49.2679252624512;-25.4434986114502
6549;Posto Shell Farol do Parque;-49.343074798584;-25.4300270080566
6550;Posto Shell Jardim Botanico;-49.2476768493652;-25.4466514587402
6551;Posto Shell Banc;-51.1591567993164;-23.3422393798828
6552;Posto Shell Thiago Vinicius;-51.1863784790039;-23.3005352020264
6553;Posto Shell Monza;-43.0316696166992;-22.9467258453369
6562;Posto Shell Petrogil;-51.9179649353027;-23.3959217071533
6563;Posto Shell Sao Jose 3;-51.9374160766602;-23.4276027679443
6564;Posto Shell MLL;-48.5520248413086;-25.5521106719971
6566;Posto Shell Artigas;-49.1793937683105;-25.4510364532471
6567;Posto Shell NSL;-49.1677703857422;-25.436206817627
6568;Posto Shell Paraiso Lubrificantes;-44.4372062683105;-22.460018157959
6570;Posto Shell Cupim;-49.1722373962402;-25.609546661377
6571;Posto Shell Rio Lima;-43.3174819946289;-22.836784362793
6575;Posto Shell Santa Amalia;-43.6710929870605;-22.4099617004395
6576;Posto Shell Avenida Central de Iraja;-43.565357208252;-22.9238033294678
6577;Posto Shell Casaca;-42.9994506835938;-22.5633792877197
6578;Posto Shell LK Vila Universitaria;-49.0538139343262;-22.3353710174561
6580;Posto Shell Galapagos;-43.3512153625488;-22.8017559051514
6581;Posto Shell Big Aço;-44.0861701965332;-22.5115299224854
6591;Posto Shell ALG;-43.2584114074707;-22.8721122741699
6593;Posto Shell Monte Santo;-47.4079437255859;-23.4176025390625
6594;Posto Shell Luches;-48.4516677856445;-22.9245567321777
6595;Posto Shell A P F;-44.0876502990723;-22.5124320983887
6596;Posto Shell Abreu Dois;-42.9837417602539;-22.7848281860352
6598;Posto Shell LK Vila Falcao I;-49.0855484008789;-22.331033706665
6600;Posto Shell Barra Cachamorra;-43.5539932250977;-22.927490234375
6602;Posto Shell JB Caxias;-43.2863540649414;-22.6785335540771
6603;Posto Shell Vitoria 040;-43.2285804748535;-22.5168476104736
6604;Posto Shell Forgerini e Inouye São Carlos ;-47.867431640625;-22.0105304718018
6605;Posto Shell Morro Azul de Itatiba;-46.7489013671875;-23.0290908813477
6606;Posto Shell Colina Aracatuba;-50.4446220397949;-21.2255001068115
6609;Posto Shell Forgerine e Inouye Itirapina;-47.7402610778809;-22.2310695648193
6610;Posto Shell Cardoso Castro;-43.4084548950195;-22.8215026855469
6611;Posto Shell Gran Penha;-46.5262031555176;-23.5221843719482
6612;Posto Shell Abreu;-43.0736083984375;-22.8137836456299
6620;Posto Shell Automix;-46.5771064758301;-23.6905345916748
6622;Posto Shell Manguinhos de Buzios;-41.9285278320313;-22.774227142334
6623;Posto Shell Boa Viagem Friburgo;-42.5267562866211;-22.2953567504883
6625;Posto Shell Bola Pesada;-46.6570091247559;-23.6123104095459
6627;Posto Shell LG;-47.0722808837891;-22.8815288543701
6628;Posto Shell Almeida e L.Oveira;-47.096321105957;-22.9103870391846
6629;Posto Shell Bolla Branca;-45.9007759094238;-23.2230644226074
6630;Posto Shell Santa Luzia Atibaia;-46.5802726745605;-23.1172657012939
6634;Posto Shell Santana Sao Jose dos Campos;-45.8946685791016;-23.1637096405029
6652;Posto Shell Parambos;-46.618522644043;-23.6123180389404
6653;Posto Shell Beraldo;-46.5456352233887;-23.6473255157471
6654;Posto Shell Eco Posto;-46.6665992736816;-23.6155242919922
6655;Posto Shell Sol da Dutra;-45.6308135986328;-23.1021041870117
6656;Auto Posto Belezura;-46.5836791992188;-23.5338306427002
6657;Posto Shell Via Ponte;-43.1149482727051;-22.8878078460693
6658;Posto Shell Mike;-46.6168518066406;-23.6857376098633
6659;Posto Shell Jardim Marajoara;-46.6859741210938;-23.6600799560547
